{
  "token_acc":null,
  "token_p":null,
  "token_r":null,
  "token_f":null,
  "tag_acc":0.9132575461,
  "sents_p":0.8480499473,
  "sents_r":0.8561021527,
  "sents_f":0.8520570265,
  "dep_uas":null,
  "dep_las":null,
  "dep_las_per_type":null,
  "pos_acc":null,
  "morph_acc":null,
  "morph_micro_p":null,
  "morph_micro_r":null,
  "morph_micro_f":null,
  "morph_per_feat":null,
  "lemma_acc":null,
  "ents_p":0.6490655964,
  "ents_r":0.8223422851,
  "ents_f":0.7255011916,
  "ents_per_type":{
    "PERSON":{
      "p":0.5223328592,
      "r":0.8603561387,
      "f":0.6500265534
    },
    "ORG":{
      "p":0.6507413509,
      "r":0.7892107892,
      "f":0.7133182844
    },
    "TIME":{
      "p":0.5345454545,
      "r":0.6533333333,
      "f":0.588
    },
    "FAC":{
      "p":0.3617021277,
      "r":0.2281879195,
      "f":0.2798353909
    },
    "GPE":{
      "p":0.7496701847,
      "r":0.8927729772,
      "f":0.8149874507
    },
    "DATE":{
      "p":0.7097661623,
      "r":0.8662562955,
      "f":0.7802419355
    },
    "CARDINAL":{
      "p":0.6190114068,
      "r":0.8099502488,
      "f":0.7017241379
    },
    "WORK_OF_ART":{
      "p":0.3333333333,
      "r":0.2366863905,
      "f":0.276816609
    },
    "MONEY":{
      "p":0.8351351351,
      "r":0.8704225352,
      "f":0.8524137931
    },
    "LOC":{
      "p":0.4967532468,
      "r":0.711627907,
      "f":0.5850860421
    },
    "ORDINAL":{
      "p":0.5315315315,
      "r":0.8550724638,
      "f":0.6555555556
    },
    "PERCENT":{
      "p":0.8371559633,
      "r":0.8946078431,
      "f":0.86492891
    },
    "NORP":{
      "p":0.7361344538,
      "r":0.8848484848,
      "f":0.8036697248
    },
    "EVENT":{
      "p":0.5454545455,
      "r":0.4941176471,
      "f":0.5185185185
    },
    "PRODUCT":{
      "p":0.4431818182,
      "r":0.4333333333,
      "f":0.4382022472
    },
    "QUANTITY":{
      "p":0.6946564885,
      "r":0.5947712418,
      "f":0.6408450704
    },
    "LANGUAGE":{
      "p":0.5882352941,
      "r":0.4545454545,
      "f":0.5128205128
    },
    "LAW":{
      "p":0.4444444444,
      "r":0.3636363636,
      "f":0.4
    }
  },
  "speed":12591.6017302826
}