{
  "token_acc":null,
  "token_p":null,
  "token_r":null,
  "token_f":null,
  "ents_p":0.8382140275,
  "ents_r":0.8209985836,
  "ents_f":0.8295169946,
  "ents_per_type":{
    "PER":{
      "p":0.851294401,
      "r":0.8744588745,
      "f":0.8627211714
    },
    "LOC":{
      "p":0.8862530414,
      "r":0.873501199,
      "f":0.8798309179
    },
    "MISC":{
      "p":0.7570621469,
      "r":0.7635327635,
      "f":0.7602836879
    },
    "ORG":{
      "p":0.8097432521,
      "r":0.7405177604,
      "f":0.7735849057
    }
  },
  "speed":33750.9494398258
}