{
  "token_acc":null,
  "token_p":null,
  "token_r":null,
  "token_f":null,
  "ents_p":0.7359152245,
  "ents_r":0.7669632925,
  "ents_f":0.7511185465,
  "ents_per_type":{
    "PERSON":{
      "p":0.7562000841,
      "r":0.8430178069,
      "f":0.797252382
    },
    "ORG":{
      "p":0.7675054705,
      "r":0.7007992008,
      "f":0.7326370757
    },
    "GPE":{
      "p":0.7906732118,
      "r":0.8857030636,
      "f":0.8354946276
    },
    "DATE":{
      "p":0.7335473515,
      "r":0.7672076105,
      "f":0.75
    },
    "CARDINAL":{
      "p":0.591611479,
      "r":0.8,
      "f":0.6802030457
    },
    "TIME":{
      "p":0.5477707006,
      "r":0.3822222222,
      "f":0.4502617801
    },
    "WORK_OF_ART":{
      "p":0.3461538462,
      "r":0.1065088757,
      "f":0.1628959276
    },
    "MONEY":{
      "p":0.8304597701,
      "r":0.814084507,
      "f":0.8221906117
    },
    "LOC":{
      "p":0.4981132075,
      "r":0.6139534884,
      "f":0.55
    },
    "ORDINAL":{
      "p":0.536977492,
      "r":0.806763285,
      "f":0.6447876448
    },
    "PERCENT":{
      "p":0.8244803695,
      "r":0.875,
      "f":0.8489892985
    },
    "NORP":{
      "p":0.7956685499,
      "r":0.8535353535,
      "f":0.8235867446
    },
    "EVENT":{
      "p":0.6785714286,
      "r":0.2235294118,
      "f":0.3362831858
    },
    "FAC":{
      "p":0.3658536585,
      "r":0.1006711409,
      "f":0.1578947368
    },
    "QUANTITY":{
      "p":0.7058823529,
      "r":0.3921568627,
      "f":0.5042016807
    },
    "LANGUAGE":{
      "p":0.75,
      "r":0.1363636364,
      "f":0.2307692308
    },
    "LAW":{
      "p":0.4666666667,
      "r":0.1590909091,
      "f":0.2372881356
    },
    "PRODUCT":{
      "p":0.7931034483,
      "r":0.2555555556,
      "f":0.3865546218
    }
  },
  "speed":29670.6337623431
}