{
  "token_acc":null,
  "token_p":null,
  "token_r":null,
  "token_f":null,
  "tag_acc":0.864890927,
  "sents_p":0.5433750539,
  "sents_r":0.3417480999,
  "sents_f":0.4195967339,
  "dep_uas":null,
  "dep_las":null,
  "dep_las_per_type":null,
  "pos_acc":null,
  "morph_acc":null,
  "morph_micro_p":null,
  "morph_micro_r":null,
  "morph_micro_f":null,
  "morph_per_feat":null,
  "lemma_acc":null,
  "ents_p":0.2348872951,
  "ents_r":0.3247167139,
  "ents_f":0.2725921522,
  "ents_per_type":{
    "ORG":{
      "p":0.4616858238,
      "r":0.2901866346,
      "f":0.3563770795
    },
    "PERSON":{
      "p":0.7293650794,
      "r":0.5683364255,
      "f":0.6388599235
    },
    "MISC":{
      "p":0.074728511,
      "r":0.5783475783,
      "f":0.1323553382
    },
    "LOC":{
      "p":0.3802816901,
      "r":0.0161870504,
      "f":0.0310523289
    }
  },
  "speed":12348.2427793763
}